Time,Vehicle X,Vehicle Y,Curvature
1.73079e+09,0,0,0
1.73079e+09,0,0,0
1.73079e+09,0,0,0
1.73079e+09,0,0,0
1.73079e+09,0,0,0
1.73079e+09,0,0,0
1.73079e+09,0,0,0
1.73079e+09,0,0,0
1.73079e+09,0,0,0
1.73079e+09,0,0,0
1.73079e+09,0,0,0
1.73079e+09,0,0,0
1.73079e+09,0,0,0
1.73079e+09,0,0,0
1.73079e+09,0,0,0
1.73079e+09,0,0,0
1.73079e+09,0,0,0
1.73079e+09,0,0,0
1.73079e+09,0,0,0
1.73079e+09,0,0,0
1.73079e+09,0,0,0
1.73079e+09,0,0,0
1.73079e+09,0,0,0
1.73079e+09,0,0,0
1.73079e+09,0,0,0
1.73079e+09,0,0,0
1.73079e+09,0,0,0
1.73079e+09,0,0,0
1.73079e+09,0,0,0
1.73079e+09,0,0,0
1.73079e+09,0,0,0
1.73079e+09,0,0,0
1.73079e+09,0,0,0
1.73079e+09,0,0,0
1.73079e+09,0,0,0
1.73079e+09,0,0,0
1.73079e+09,0,0,0
1.73079e+09,0,0,0
1.73079e+09,0,0,0
1.73079e+09,0,0,0
1.73079e+09,0,0,0
1.73079e+09,0,0,0
1.73079e+09,0,0,0
1.73079e+09,0,0,0
1.73079e+09,0,0,0
1.73079e+09,0,0,0
1.73079e+09,0,0,0
1.73079e+09,0,0,0
1.73079e+09,0,0,0
1.73079e+09,0,0,0
1.73079e+09,0,0,0
1.73079e+09,0,0,0.466286
1.73079e+09,0,0,0.466286
1.73079e+09,0,0,0.220978
1.73079e+09,0,0,0.220978
1.73079e+09,0,0,0.220978
1.73079e+09,0,0,0.0972987
1.73079e+09,0,0,0.0972987
1.73079e+09,0,0,0.0972987
1.73079e+09,0,0,0.0972987
1.73079e+09,0,0,0.217112
1.73079e+09,0,0,0.217112
1.73079e+09,0,0,0.217112
1.73079e+09,0,0,0.356764
1.73079e+09,0,0,0.356764
1.73079e+09,0,0,0.356764
1.73079e+09,0,0,0.32131
1.73079e+09,0,0,0.32131
1.73079e+09,0,0,0.32131
1.73079e+09,0,0,0.32131
1.73079e+09,0,0,0.501798
1.73079e+09,0,0,0.501798
1.73079e+09,0,0,0.501798
1.73079e+09,0,0,0.226163
1.73079e+09,0,0,0.226163
1.73079e+09,0,0,0.226163
1.73079e+09,0,0,0.0918203
1.73079e+09,0,0,0.0918203
1.73079e+09,0,0,0.0918203
1.73079e+09,0,0,0.159328
1.73079e+09,0,0,0.159328
1.73079e+09,0,0,0.159328
1.73079e+09,0,0,0.159328
1.73079e+09,0,0,0.144177
1.73079e+09,0,0,0.144177
1.73079e+09,0,0,0.144177
1.73079e+09,0,0,0.205604
1.73079e+09,0,0,0.205604
1.73079e+09,0,0,0.205604
1.73079e+09,0,0,0.522959
1.73079e+09,0,0,0.522959
1.73079e+09,0,0,0.522959
1.73079e+09,0,0,0.522959
1.73079e+09,0,0,0.174568
1.73079e+09,0,0,0.174568
1.73079e+09,0,0,0.174568
1.73079e+09,0,0,0.0099453
1.73079e+09,0,0,0.0099453
1.73079e+09,0,0,0.0099453
1.73079e+09,0,0,0.266012
1.73079e+09,0,0,0.266012
1.73079e+09,0,0,0.266012
1.73079e+09,0,0,0.266012
1.73079e+09,0,0,0.350239
1.73079e+09,0,0,0.350239
1.73079e+09,0,0,0.350239
1.73079e+09,0,0,0.728724
1.73079e+09,0,0,0.728724
1.73079e+09,0,0,0.728724
1.73079e+09,0,0,0.189109
1.73079e+09,0,0,0.189109
1.73079e+09,0,0,0.189109
1.73079e+09,0,0,0.0696646
1.73079e+09,0,0,0.0696646
1.73079e+09,0,0,0.0696646
1.73079e+09,0,0,0.0696646
1.73079e+09,0,0,0.33957
1.73079e+09,0,0,0.33957
1.73079e+09,0,0,0.33957
1.73079e+09,0,0,0.188005
1.73079e+09,0,0,0.188005
1.73079e+09,0,0,0.188005
1.73079e+09,0,0,0.17353
1.73079e+09,0,0,0.17353
1.73079e+09,0,0,0.17353
1.73079e+09,0,0,0.17353
1.73079e+09,0,0,0.256533
1.73079e+09,0,0,0.256533
1.73079e+09,0,0,0.256533
1.73079e+09,0,0,0.210367
1.73079e+09,0,0,0.210367
1.73079e+09,0,0,0.210367
1.73079e+09,0,0,0.423798
1.73079e+09,0,0,0.423798
1.73079e+09,0,0,0.423798
1.73079e+09,0,0,0.423798
1.73079e+09,0,0,0.0479694
1.73079e+09,0,0,0.0479694
1.73079e+09,0,0,0.0479694
1.73079e+09,0,0,0.12641
1.73079e+09,0,0,0.12641
1.73079e+09,0,0,0.12641
1.73079e+09,0,0,0.109338
1.73079e+09,0,0,0.109338
1.73079e+09,0,0,0.109338
1.73079e+09,0,0,0.232605
1.73079e+09,0,0,0.232605
1.73079e+09,0,0,0.232605
1.73079e+09,0,0,0.232605
1.73079e+09,0,0,0.861277
1.73079e+09,0,0,0.861277
1.73079e+09,0,0,0.861277
1.73079e+09,0,0,0.0587611
1.73079e+09,0,0,0.0587611
1.73079e+09,0,0,0.0587611
1.73079e+09,0,0,0.011425
1.73079e+09,0,0,0.011425
1.73079e+09,0,0,0.011425
1.73079e+09,0,0,0.011425
1.73079e+09,0,0,0.413976
1.73079e+09,0,0,0.413976
1.73079e+09,0,0,0.413976
1.73079e+09,0,0,0.200141
1.73079e+09,0,0,0.200141
1.73079e+09,0,0,0.200141
1.73079e+09,0,0,0.0184179
1.73079e+09,0,0,0.0184179
1.73079e+09,0,0,0.0184179
1.73079e+09,0,0,0.0184179
1.73079e+09,0,0,0.210433
1.73079e+09,0,0,0.210433
1.73079e+09,0,0,0.210433
1.73079e+09,0,0,0.253221
1.73079e+09,0,0,0.253221
1.73079e+09,0,0,0.253221
1.73079e+09,0,0,0.395592
1.73079e+09,0,0,0.395592
1.73079e+09,0,0,0.395592
1.73079e+09,0,0,0.726562
1.73079e+09,0,0,0.726562
1.73079e+09,0,0,0.726562
1.73079e+09,0,0,0.726562
1.73079e+09,0,0,0.0266956
1.73079e+09,0,0,0.0266956
1.73079e+09,0,0,0.0266956
1.73079e+09,0,0,0.113385
1.73079e+09,0,0,0.113385
1.73079e+09,0,0,0.113385
1.73079e+09,0,0,0.381239
1.73079e+09,0,0,0.381239
1.73079e+09,0,0,0.381239
1.73079e+09,0,0,0.381239
1.73079e+09,0,0,0.338444
1.73079e+09,0,0,0.338444
1.73079e+09,0,0,0.338444
1.73079e+09,0,0,0.277423
1.73079e+09,0,0,0.277423
1.73079e+09,0,0,0.277423
1.73079e+09,0,0,0.272706
1.73079e+09,0,0,0.272706
1.73079e+09,0,0,0.272706
1.73079e+09,0,0,0.272706
1.73079e+09,0,0,0.137416
1.73079e+09,0,0,0.137416
1.73079e+09,0,0,0.137416
1.73079e+09,0,0,0.312634
1.73079e+09,0,0,0.312634
1.73079e+09,0,0,0.312634
1.73079e+09,0,0,0.051064
1.73079e+09,0,0,0.051064
1.73079e+09,0,0,0.051064
1.73079e+09,0,0,0.0739745
1.73079e+09,0,0,0.0739745
1.73079e+09,0,0,0.0739745
1.73079e+09,0,0,0.0739745
1.73079e+09,0,0,0.386895
1.73079e+09,0,0,0.386895
1.73079e+09,0,0,0.386895
1.73079e+09,0,0,0.0428218
1.73079e+09,0,0,0.0428218
1.73079e+09,0,0,0.0428218
1.73079e+09,0,0,0.770482
1.73079e+09,0,0,0.770482
1.73079e+09,0,0,0.770482
1.73079e+09,0,0,0.770482
1.73079e+09,0,0,0.163981
1.73079e+09,0,0,0.163981
1.73079e+09,0,0,0.163981
1.73079e+09,0,0,0.483611
1.73079e+09,0,0,0.483611
1.73079e+09,0,0,0.483611
1.73079e+09,0,0,0.161317
1.73079e+09,0,0,0.161317
1.73079e+09,0,0,0.161317
1.73079e+09,0,0,0.161317
1.73079e+09,0,0,0.146381
1.73079e+09,0,0,0.146381
1.73079e+09,0,0,0.146381
1.73079e+09,0,0,0.364604
1.73079e+09,0,0,0.364604
1.73079e+09,0,0,0.364604
1.73079e+09,0,0,0.229078
1.73079e+09,0,0,0.229078
1.73079e+09,0,0,0.229078
1.73079e+09,0,0,0.281294
1.73079e+09,0,0,0.281294
1.73079e+09,0,0,0.281294
1.73079e+09,0,0,0.281294
1.73079e+09,0,0,0.189558
1.73079e+09,0,0,0.189558
1.73079e+09,0,0,0.189558
1.73079e+09,0,0,0.238846
1.73079e+09,0,0,0.238846
1.73079e+09,0,0,0.238846
1.73079e+09,0,0,0.311828
1.73079e+09,0,0,0.311828
1.73079e+09,0,0,0.311828
1.73079e+09,0,0,0.311828
1.73079e+09,0,0,0.406176
1.73079e+09,0,0,0.406176
1.73079e+09,0,0,0.406176
1.73079e+09,0,0,0.0485069
1.73079e+09,0,0,0.0485069
1.73079e+09,0,0,0.0485069
1.73079e+09,0,0,0.232999
1.73079e+09,0,0,0.232999
1.73079e+09,0,0,0.232999
1.73079e+09,0,0,0.232999
1.73079e+09,0,0,0.0301996
1.73079e+09,0,0,0.0301996
1.73079e+09,0,0,0.0301996
1.73079e+09,0,0,0.061492
1.73079e+09,0,0,0.061492
1.73079e+09,0,0,0.061492
1.73079e+09,0,0,0.280408
1.73079e+09,0,0,0.280408
1.73079e+09,0,0,0.280408
1.73079e+09,0,0,0.220858
1.73079e+09,0,0,0.220858
1.73079e+09,0,0,0.220858
1.73079e+09,0,0,0.220858
1.73079e+09,0,0,0.314473
1.73079e+09,0,0,0.314473
1.73079e+09,0,0,0.314473
1.73079e+09,0,0,0.12598
1.73079e+09,0,0,0.12598
1.73079e+09,0,0,0.12598
1.73079e+09,0,0,0.351742
1.73079e+09,0,0,0.351742
1.73079e+09,0,0,0.351742
1.73079e+09,0,0,0.351742
1.73079e+09,0,0,0.387736
1.73079e+09,0,0,0.387736
1.73079e+09,0,0,0.387736
1.73079e+09,0,0,0.0396272
1.73079e+09,0,0,0.0396272
1.73079e+09,0,0,0.0396272
1.73079e+09,0,0,0.31163
1.73079e+09,0,0,0.31163
1.73079e+09,0,0,0.31163
1.73079e+09,0,0,0.31163
1.73079e+09,0,0,0.351135
1.73079e+09,0,0,0.351135
1.73079e+09,0,0,0.351135
1.73079e+09,0,0,0.225159
1.73079e+09,0,0,0.225159
1.73079e+09,0,0,0.225159
1.73079e+09,0,0,0.044969
1.73079e+09,0,0,0.044969
1.73079e+09,0,0,0.044969
1.73079e+09,0,0,0.0330615
1.73079e+09,0,0,0.0330615
1.73079e+09,0,0,0.0330615
1.73079e+09,0,0,0.0330615
1.73079e+09,0,0,0.0910738
1.73079e+09,0,0,0.0910738
1.73079e+09,0,0,0.0910738
1.73079e+09,0,0,0.327252
1.73079e+09,0,0,0.327252
1.73079e+09,0,0,0.327252
1.73079e+09,0,0,0.577788
1.73079e+09,0,0,0.577788
1.73079e+09,0,0,0.577788
1.73079e+09,0,0,0.577788
1.73079e+09,0,0,0.0242116
1.73079e+09,0,0,0.0242116
1.73079e+09,0,0,0.0242116
1.73079e+09,0,0,0.105248
1.73079e+09,0,0,0.105248
1.73079e+09,0,0,0.105248
1.73079e+09,0,0,0.26424
1.73079e+09,0,0,0.26424
1.73079e+09,0,0,0.26424
1.73079e+09,0,0,0.26424
1.73079e+09,0,0,0.0538359
1.73079e+09,0,0,0.0538359
1.73079e+09,0,0,0.0538359
1.73079e+09,0,0,0.19662
1.73079e+09,0,0,0.19662
1.73079e+09,0,0,0.19662
1.73079e+09,0,0,0.649987
1.73079e+09,0,0,0.649987
1.73079e+09,0,0,0.649987
1.73079e+09,0,0,0.398592
1.73079e+09,0,0,0.398592
1.73079e+09,0,0,0.398592
1.73079e+09,0,0,0.398592
1.73079e+09,0,0,0.196131
1.73079e+09,0,0,0.196131
1.73079e+09,0,0,0.196131
1.73079e+09,0,0,0.315358
1.73079e+09,0,0,0.315358
1.73079e+09,0,0,0.315358
1.73079e+09,0,0,0.110822
1.73079e+09,0,0,0.110822
1.73079e+09,0,0,0.110822
1.73079e+09,0,0,0.110822
1.73079e+09,0,0,0.205616
1.73079e+09,0,0,0.205616
1.73079e+09,0,0,0.205616
1.73079e+09,0,0,0.357747
1.73079e+09,0,0,0.357747
1.73079e+09,0,0,0.357747
1.73079e+09,0,0,0.0124388
1.73079e+09,0,0,0.0124388
1.73079e+09,0,0,0.0124388
1.73079e+09,0,0,0.0124388
1.73079e+09,0,0,0.321695
1.73079e+09,0,0,0.321695
1.73079e+09,0,0,0.321695
1.73079e+09,0,0,0.284493
1.73079e+09,0,0,0.284493
1.73079e+09,0,0,0.284493
1.73079e+09,0,0,0.108605
1.73079e+09,0,0,0.108605
1.73079e+09,0,0,0.108605
1.73079e+09,0,0,0.593575
1.73079e+09,0,0,0.593575
1.73079e+09,0,0,0.593575
1.73079e+09,0,0,0.593575
1.73079e+09,0,0,0.163969
1.73079e+09,0,0,0.163969
1.73079e+09,0,0,0.163969
1.73079e+09,0,0,0.0961591
1.73079e+09,0,0,0.0961591
1.73079e+09,0,0,0.0961591
1.73079e+09,0,0,0.198502
1.73079e+09,0,0,0.198502
1.73079e+09,0,0,0.198502
1.73079e+09,0,0,0.198502
1.73079e+09,0,0,0.338247
1.73079e+09,0,0,0.338247
1.73079e+09,0,0,0.338247
1.73079e+09,0,0,0.0802738
1.73079e+09,0,0,0.0802738
1.73079e+09,0,0,0.0802738
1.73079e+09,0,0,0.0604129
1.73079e+09,0,0,0.0604129
1.73079e+09,0,0,0.0604129
1.73079e+09,0,0,0.0604129
1.73079e+09,0,0,0.464319
1.73079e+09,0,0,0.464319
1.73079e+09,0,0,0.464319
1.73079e+09,0,0,0.236643
1.73079e+09,0,0,0.236643
1.73079e+09,0,0,0.236643
1.73079e+09,0,0,0.274645
1.73079e+09,0,0,0.274645
1.73079e+09,0,0,0.274645
1.73079e+09,0,0,0.342685
1.73079e+09,0,0,0.342685
1.73079e+09,0,0,0.342685
1.73079e+09,0,0,0.342685
1.73079e+09,0,0,0.073362
1.73079e+09,0,0,0.073362
1.73079e+09,0,0,0.073362
1.73079e+09,0,0,0.227357
1.73079e+09,0,0,0.227357
1.73079e+09,0,0,0.227357
1.73079e+09,0,0,0.0233184
1.73079e+09,0,0,0.0233184
1.73079e+09,0,0,0.0233184
1.73079e+09,0,0,0.0233184
1.73079e+09,0,0,0.0943946
1.73079e+09,0,0,0.0943946
1.73079e+09,0,0,0.0943946
1.73079e+09,0,0,0.187088
1.73079e+09,0,0,0.187088
1.73079e+09,0,0,0.187088
1.73079e+09,0,0,0.424858
1.73079e+09,0,0,0.424858
1.73079e+09,0,0,0.424858
1.73079e+09,0,0,0.424858
1.73079e+09,0,0,0.0993991
1.73079e+09,0,0,0.0993991
1.73079e+09,0,0,0.0993991
1.73079e+09,0,0,0.422812
1.73079e+09,0,0,0.422812
1.73079e+09,0,0,0.422812
1.73079e+09,0,0,0.540634
1.73079e+09,0,0,0.540634
1.73079e+09,0,0,0.540634
1.73079e+09,0,0,0.44201
1.73079e+09,0,0,0.44201
1.73079e+09,0,0,0.44201
1.73079e+09,0,0,0.44201
1.73079e+09,0,0,0.28933
1.73079e+09,0,0,0.28933
1.73079e+09,0,0,0.28933
1.73079e+09,0,0,0.00790785
1.73079e+09,0,0,0.00790785
1.73079e+09,0,0,0.00790785
1.73079e+09,0,0,0.101592
1.73079e+09,0,0,0.101592
1.73079e+09,0,0,0.101592
1.73079e+09,0,0,0.101592
1.73079e+09,0,0,0.022669
1.73079e+09,0,0,0.022669
1.73079e+09,0,0,0.022669
1.73079e+09,0,0,0.406547
1.73079e+09,0,0,0.406547
1.73079e+09,0,0,0.406547
1.73079e+09,0,0,0.235374
1.73079e+09,0,0,0.235374
1.73079e+09,0,0,0.235374
1.73079e+09,0,0,0.235374
1.73079e+09,0,0,0.154348
1.73079e+09,0,0,0.154348
1.73079e+09,0,0,0.154348
1.73079e+09,0,0,0.542744
1.73079e+09,0,0,0.542744
1.73079e+09,0,0,0.542744
1.73079e+09,0,0,0.174921
1.73079e+09,0,0,0.174921
1.73079e+09,0,0,0.174921
1.73079e+09,0,0,0.0609152
1.73079e+09,0,0,0.0609152
1.73079e+09,0,0,0.0609152
1.73079e+09,0,0,0.0609152
1.73079e+09,0,0,0.168895
1.73079e+09,0,0,0.168895
1.73079e+09,0,0,0.168895
1.73079e+09,0,0,0.599083
1.73079e+09,0,0,0.599083
1.73079e+09,0,0,0.599083
1.73079e+09,0,0,0.171238
1.73079e+09,0,0,0.171238
1.73079e+09,0,0,0.171238
1.73079e+09,0,0,0.171238
1.73079e+09,0,0,0.284706
1.73079e+09,0,0,0.284706
1.73079e+09,0,0,0.284706
1.73079e+09,0,0,0.487123
1.73079e+09,0,0,0.487123
1.73079e+09,0,0,0.487123
1.73079e+09,0,0,0.0115035
1.73079e+09,0,0,0.0115035
1.73079e+09,0,0,0.0115035
1.73079e+09,0,0,0.0115035
1.73079e+09,0,0,0.0877649
1.73079e+09,0,0,0.0877649
1.73079e+09,0,0,0.0877649
1.73079e+09,0,0,0.317428
1.73079e+09,0,0,0.317428
1.73079e+09,0,0,0.317428
1.73079e+09,0,0,0.00668124
1.73079e+09,0,0,0.00668124
1.73079e+09,0,0,0.00668124
1.73079e+09,0,0,0.232804
1.73079e+09,0,0,0.232804
1.73079e+09,0,0,0.232804
1.73079e+09,0,0,0.232804
1.73079e+09,0,0,0.174206
1.73079e+09,0,0,0.174206
1.73079e+09,0,0,0.174206
1.73079e+09,0,0,0.283123
1.73079e+09,0,0,0.283123
1.73079e+09,0,0,0.283123
1.73079e+09,0,0,0.127475
1.73079e+09,0,0,0.127475
1.73079e+09,0,0,0.127475
1.73079e+09,0,0,0.127475
1.73079e+09,0,0,0.305806
1.73079e+09,0,0,0.305806
1.73079e+09,0,0,0.305806
1.73079e+09,0,0,0.429634
1.73079e+09,0,0,0.429634
1.73079e+09,0,0,0.429634
1.73079e+09,0,0,0.316344
1.73079e+09,0,0,0.316344
1.73079e+09,0,0,0.316344
1.73079e+09,0,0,0.316344
1.73079e+09,0,0,0.206768
1.73079e+09,0,0,0.206768
1.73079e+09,0,0,0.206768
1.73079e+09,0,0,0.17638
1.73079e+09,0,0,0.17638
1.73079e+09,0,0,0.17638
1.73079e+09,0,0,0.0827379
1.73079e+09,0,0,0.0827379
1.73079e+09,0,0,0.0827379
1.73079e+09,0,0,0.257555
1.73079e+09,0,0,0.257555
1.73079e+09,0,0,0.257555
1.73079e+09,0,0,0.257555
1.73079e+09,0,0,0.0822668
1.73079e+09,0,0,0.0822668
1.73079e+09,0,0,0.0822668
1.73079e+09,0,0,0.064465
1.73079e+09,0,0,0.064465
1.73079e+09,0,0,0.064465
1.73079e+09,0,0,0.0185853
1.73079e+09,0,0,0.0185853
1.73079e+09,0,0,0.0185853
1.73079e+09,0,0,0.0185853
1.73079e+09,0,0,0.049552
1.73079e+09,0,0,0.049552
1.73079e+09,0,0,0.049552
1.73079e+09,0,0,0.339667
1.73079e+09,0,0,0.339667
1.73079e+09,0,0,0.339667
1.73079e+09,0,0,0.426749
1.73079e+09,0,0,0.426749
1.73079e+09,0,0,0.426749
1.73079e+09,0,0,0.426749
1.73079e+09,0,0,0.413427
1.73079e+09,0,0,0.413427
1.73079e+09,0,0,0.413427
1.73079e+09,0,0,0.194406
1.73079e+09,0,0,0.194406
1.73079e+09,0,0,0.194406
1.73079e+09,0,0,0.378458
1.73079e+09,0,0,0.378458
1.73079e+09,0,0,0.378458
1.73079e+09,0,0,0.277197
1.73079e+09,0,0,0.277197
1.73079e+09,0,0,0.277197
1.73079e+09,0,0,0.277197
1.73079e+09,0,0,0.16854
1.73079e+09,0,0,0.16854
1.73079e+09,0,0,0.16854
1.73079e+09,0,0,0.156457
1.73079e+09,0,0,0.156457
1.73079e+09,0,0,0.156457
1.73079e+09,0,0,0.497489
1.73079e+09,0,0,0.497489
1.73079e+09,0,0,0.497489
1.73079e+09,0,0,0.497489
1.73079e+09,0,0,0.229007
1.73079e+09,0,0,0.229007
1.73079e+09,0,0,0.229007
1.73079e+09,0,0,0.494657
1.73079e+09,0,0,0.494657
1.73079e+09,0,0,0.494657
1.73079e+09,0,0,0.63575
1.73079e+09,0,0,0.63575
1.73079e+09,0,0,0.63575
1.73079e+09,0,0,0.63575
1.73079e+09,0,0,0.381467
1.73079e+09,0,0,0.381467
1.73079e+09,0,0,0.381467
1.73079e+09,0,0,0.0396149
1.73079e+09,0,0,0.0396149
1.73079e+09,0,0,0.0396149
1.73079e+09,0,0,0.276546
1.73079e+09,0,0,0.276546
1.73079e+09,0,0,0.276546
1.73079e+09,0,0,0.588646
1.73079e+09,0,0,0.588646
1.73079e+09,0,0,0.588646
1.73079e+09,0,0,0.588646
1.73079e+09,0,0,0.218942
1.73079e+09,0,0,0.218942
1.73079e+09,0,0,0.218942
1.73079e+09,0,0,0.190801
1.73079e+09,0,0,0.190801
1.73079e+09,0,0,0.190801
1.73079e+09,0,0,0.0580289
1.73079e+09,0,0,0.0580289
1.73079e+09,0,0,0.0580289
1.73079e+09,0,0,0.0580289
1.73079e+09,0,0,0.101764
1.73079e+09,0,0,0.101764
1.73079e+09,0,0,0.101764
1.73079e+09,0,0,0.0071056
1.73079e+09,0,0,0.0071056
1.73079e+09,0,0,0.0071056
1.73079e+09,0,0,0.0841104
1.73079e+09,0,0,0.0841104
1.73079e+09,0,0,0.0841104
1.73079e+09,0,0,0.0841104
1.73079e+09,0,0,0.348638
1.73079e+09,0,0,0.348638
1.73079e+09,0,0,0.348638
1.73079e+09,0,0,0.135869
1.73079e+09,0,0,0.135869
1.73079e+09,0,0,0.135869
1.73079e+09,0,0,0.0272715
1.73079e+09,0,0,0.0272715
1.73079e+09,0,0,0.0272715
1.73079e+09,0,0,0.15312
1.73079e+09,0,0,0.15312
1.73079e+09,0,0,0.15312
1.73079e+09,0,0,0.15312
1.73079e+09,0,0,0.308391
1.73079e+09,0,0,0.308391
1.73079e+09,0,0,0.308391
1.73079e+09,0,0,0.039162
1.73079e+09,0,0,0.039162
1.73079e+09,0,0,0.039162
1.73079e+09,0,0,0.577165
1.73079e+09,0,0,0.577165
1.73079e+09,0,0,0.577165
1.73079e+09,0,0,0.577165
1.73079e+09,0,0,0.56105
1.73079e+09,0,0,0.56105
1.73079e+09,0,0,0.56105
1.73079e+09,0,0,0.0551424
1.73079e+09,0,0,0.0551424
1.73079e+09,0,0,0.0551424
1.73079e+09,0,0,0.498265
1.73079e+09,0,0,0.498265
1.73079e+09,0,0,0.498265
1.73079e+09,0,0,0.498265
1.73079e+09,0,0,0.00811952
1.73079e+09,0,0,0.00811952
1.73079e+09,0,0,0.00811952
1.73079e+09,0,0,0.0485366
1.73079e+09,0,0,0.0485366
1.73079e+09,0,0,0.0485366
1.73079e+09,0,0,0.0631184
1.73079e+09,0,0,0.0631184
1.73079e+09,0,0,0.0631184
1.73079e+09,0,0,0.287677
1.73079e+09,0,0,0.287677
1.73079e+09,0,0,0.287677
1.73079e+09,0,0,0.287677
1.73079e+09,0,0,0.186967
1.73079e+09,0,0,0.186967
1.73079e+09,0,0,0.186967
1.73079e+09,0,0,0.260138
1.73079e+09,0,0,0.260138
1.73079e+09,0,0,0.260138
1.73079e+09,0,0,0.0398045
1.73079e+09,0,0,0.0398045
1.73079e+09,0,0,0.0398045
1.73079e+09,0,0,0.0398045
1.73079e+09,0,0,0.301615
1.73079e+09,0,0,0.301615
1.73079e+09,0,0,0.301615
1.73079e+09,0,0,0.177293
1.73079e+09,0,0,0.177293
1.73079e+09,0,0,0.177293
1.73079e+09,0,0,0.253366
1.73079e+09,0,0,0.253366
1.73079e+09,0,0,0.253366
1.73079e+09,0,0,0.253366
1.73079e+09,0,0,0.133336
1.73079e+09,0,0,0.133336
1.73079e+09,0,0,0.133336
1.73079e+09,0,0,0.268857
1.73079e+09,0,0,0.268857
1.73079e+09,0,0,0.268857
1.73079e+09,0,0,0.318962
1.73079e+09,0,0,0.318962
1.73079e+09,0,0,0.318962
1.73079e+09,0,0,0.102211
1.73079e+09,0,0,0.102211
1.73079e+09,0,0,0.102211
1.73079e+09,0,0,0.102211
1.73079e+09,0,0,0.397592
1.73079e+09,0,0,0.397592
1.73079e+09,0,0,0.397592
1.73079e+09,0,0,0.683656
1.73079e+09,0,0,0.683656
1.73079e+09,0,0,0.683656
1.73079e+09,0,0,0.112707
1.73079e+09,0,0,0.112707
1.73079e+09,0,0,0.112707
1.73079e+09,0,0,0.112707
1.73079e+09,0,0,0.251401
1.73079e+09,0,0,0.251401
1.73079e+09,0,0,0.251401
1.73079e+09,0,0,0.304532
1.73079e+09,0,0,0.304532
1.73079e+09,0,0,0.304532
1.73079e+09,0,0,0.164834
1.73079e+09,0,0,0.164834
1.73079e+09,0,0,0.164834
1.73079e+09,0,0,0.164834
1.73079e+09,0,0,0.0800733
1.73079e+09,0,0,0.0800733
1.73079e+09,0,0,0.0800733
1.73079e+09,0,0,0.36522
1.73079e+09,0,0,0.36522
1.73079e+09,0,0,0.36522
1.73079e+09,0,0,0.129072
1.73079e+09,0,0,0.129072
1.73079e+09,0,0,0.129072
1.73079e+09,0,0,0.209974
1.73079e+09,0,0,0.209974
1.73079e+09,0,0,0.209974
1.73079e+09,0,0,0.209974
1.73079e+09,0,0,0.380166
1.73079e+09,0,0,0.380166
1.73079e+09,0,0,0.380166
1.73079e+09,0,0,0.0783154
1.73079e+09,0,0,0.0783154
1.73079e+09,0,0,0.0783154
1.73079e+09,0,0,0.249388
1.73079e+09,0,0,0.249388
1.73079e+09,0,0,0.249388
1.73079e+09,0,0,0.249388
1.73079e+09,0,0,0.419403
1.73079e+09,0,0,0.419403
1.73079e+09,0,0,0.419403
1.73079e+09,0,0,0.204926
1.73079e+09,0,0,0.204926
1.73079e+09,0,0,0.204926
1.73079e+09,0,0,0.162431
1.73079e+09,0,0,0.162431
1.73079e+09,0,0,0.162431
1.73079e+09,0,0,0.162431
1.73079e+09,0,0,0.212051
1.73079e+09,0,0,0.212051
1.73079e+09,0,0,0.212051
1.73079e+09,0,0,0.00107059
1.73079e+09,0,0,0.00107059
1.73079e+09,0,0,0.00107059
1.73079e+09,0,0,0.0879505
1.73079e+09,0,0,0.0879505
1.73079e+09,0,0,0.0879505
1.73079e+09,0,0,0.316117
1.73079e+09,0,0,0.316117
1.73079e+09,0,0,0.316117
1.73079e+09,0,0,0.316117
1.73079e+09,0,0,0.0242973
1.73079e+09,0,0,0.0242973
1.73079e+09,0,0,0.0242973
1.73079e+09,0,0,0.247604
1.73079e+09,0,0,0.247604
1.73079e+09,0,0,0.247604
1.73079e+09,0,0,0.0990587
1.73079e+09,0,0,0.0990587
1.73079e+09,0,0,0.0990587
1.73079e+09,0,0,0.0990587
1.73079e+09,0,0,0.108613
1.73079e+09,0,0,0.108613
1.73079e+09,0,0,0.108613
1.73079e+09,0,0,0.00575616
1.73079e+09,0,0,0.00575616
1.73079e+09,0,0,0.00575616
1.73079e+09,0,0,0.627528
1.73079e+09,0,0,0.627528
1.73079e+09,0,0,0.627528
1.73079e+09,0,0,0.627528
1.73079e+09,0,0,0.531022
1.73079e+09,0,0,0.531022
1.73079e+09,0,0,0.531022
1.73079e+09,0,0,0.412938
1.73079e+09,0,0,0.412938
1.73079e+09,0,0,0.412938
1.73079e+09,0,0,0.307637
1.73079e+09,0,0,0.307637
1.73079e+09,0,0,0.307637
1.73079e+09,0,0,0.0940158
1.73079e+09,0,0,0.0940158
1.73079e+09,0,0,0.0940158
1.73079e+09,0,0,0.0940158
1.73079e+09,0,0,0.143245
1.73079e+09,0,0,0.143245
1.73079e+09,0,0,0.143245
1.73079e+09,0,0,0.00765834
1.73079e+09,0,0,0.00765834
1.73079e+09,0,0,0.00765834
1.73079e+09,0,0,0.224914
1.73079e+09,0,0,0.224914
1.73079e+09,0,0,0.224914
1.73079e+09,0,0,0.224914
1.73079e+09,0,0,0.390729
1.73079e+09,0,0,0.390729
1.73079e+09,0,0,0.390729
1.73079e+09,0,0,0.311564
1.73079e+09,0,0,0.311564
1.73079e+09,0,0,0.311564
1.73079e+09,0,0,0.121277
1.73079e+09,0,0,0.121277
1.73079e+09,0,0,0.121277
1.73079e+09,0,0,0.121277
1.73079e+09,0,0,0.0295653
1.73079e+09,0,0,0.0295653
1.73079e+09,0,0,0.0295653
1.73079e+09,0,0,0.029743
1.73079e+09,0,0,0.029743
1.73079e+09,0,0,0.029743
1.73079e+09,0,0,0.00142329
1.73079e+09,0,0,0.00142329
1.73079e+09,0,0,0.00142329
1.73079e+09,0,0,0.369076
1.73079e+09,0,0,0.369076
1.73079e+09,0,0,0.369076
1.73079e+09,0,0,0.369076
1.73079e+09,0,0,0.873947
1.73079e+09,0,0,0.873947
1.73079e+09,0,0,0.873947
1.73079e+09,0,0,0.0677111
1.73079e+09,0,0,0.0677111
1.73079e+09,0,0,0.0677111
1.73079e+09,0,0,0.267141
1.73079e+09,0,0,0.267141
1.73079e+09,0,0,0.267141
1.73079e+09,0,0,0.267141
1.73079e+09,0,0,0.176454
1.73079e+09,0,0,0.176454
1.73079e+09,0,0,0.176454
1.73079e+09,0,0,0.340386
1.73079e+09,0,0,0.340386
1.73079e+09,0,0,0.340386
1.73079e+09,0,0,0.0821555
1.73079e+09,0,0,0.0821555
1.73079e+09,0,0,0.0821555
1.73079e+09,0,0,0.0821555
1.73079e+09,0,0,0.0475808
1.73079e+09,0,0,0.0475808
1.73079e+09,0,0,0.0475808
1.73079e+09,0,0,0.625169
1.73079e+09,0,0,0.625169
1.73079e+09,0,0,0.625169
1.73079e+09,0,0,0.460409
1.73079e+09,0,0,0.460409
1.73079e+09,0,0,0.460409
1.73079e+09,0,0,0.384595
1.73079e+09,0,0,0.384595
1.73079e+09,0,0,0.384595
1.73079e+09,0,0,0.384595
1.73079e+09,0,0,0.46378
1.73079e+09,0,0,0.46378
1.73079e+09,0,0,0.46378
1.73079e+09,0,0,0.18211
1.73079e+09,0,0,0.18211
1.73079e+09,0,0,0.18211
1.73079e+09,0,0,0.400245
1.73079e+09,0,0,0.400245
1.73079e+09,0,0,0.400245
1.73079e+09,0,0,0.400245
1.73079e+09,0,0,0.0887662
1.73079e+09,0,0,0.0887662
1.73079e+09,0,0,0.0887662
1.73079e+09,0,0,0.00845875
1.73079e+09,0,0,0.00845875
1.73079e+09,0,0,0.00845875
1.73079e+09,0,0,0.47313
1.73079e+09,0,0,0.47313
1.73079e+09,0,0,0.47313
1.73079e+09,0,0,0.47313
1.73079e+09,0,0,0.631309
1.73079e+09,0,0,0.631309
1.73079e+09,0,0,0.631309
1.73079e+09,0,0,0.499314
1.73079e+09,0,0,0.499314
1.73079e+09,0,0,0.499314
1.73079e+09,0,0,0.307981
1.73079e+09,0,0,0.307981
1.73079e+09,0,0,0.307981
1.73079e+09,0,0,0.143385
1.73079e+09,0,0,0.143385
1.73079e+09,0,0,0.143385
1.73079e+09,0,0,0.143385
1.73079e+09,0,0,0.521236
1.73079e+09,0,0,0.521236
1.73079e+09,0,0,0.521236
1.73079e+09,0,0,0.468835
1.73079e+09,0,0,0.468835
1.73079e+09,0,0,0.468835
1.73079e+09,0,0,0.00207269
1.73079e+09,0,0,0.00207269
1.73079e+09,0,0,0.00207269
1.73079e+09,0,0,0.00207269
1.73079e+09,0,0,0.700015
1.73079e+09,0,0,0.700015
1.73079e+09,0,0,0.700015
1.73079e+09,0,0,0.409453
1.73079e+09,0,0,0.409453
1.73079e+09,0,0,0.409453
1.73079e+09,0,0,0.534902
1.73079e+09,0,0,0.534902
1.73079e+09,0,0,0.534902
1.73079e+09,0,0,0.534902
1.73079e+09,0,0,0.144889
1.73079e+09,0,0,0.144889
1.73079e+09,0,0,0.144889
1.73079e+09,0,0,0.412094
1.73079e+09,0,0,0.412094
1.73079e+09,0,0,0.412094
1.73079e+09,0,0,0.0905192
1.73079e+09,0,0,0.0905192
1.73079e+09,0,0,0.0905192
1.73079e+09,0,0,0.453474
1.73079e+09,0,0,0.453474
1.73079e+09,0,0,0.453474
1.73079e+09,0,0,0.453474
1.73079e+09,0,0,0.0575718
1.73079e+09,0,0,0.0575718
1.73079e+09,0,0,0.0575718
1.73079e+09,0,0,0.238412
1.73079e+09,0,0,0.238412
1.73079e+09,0,0,0.238412
1.73079e+09,0,0,0.161018
1.73079e+09,0,0,0.161018
1.73079e+09,0,0,0.161018
1.73079e+09,0,0,0.161018
1.73079e+09,0,0,0.00805505
1.73079e+09,0,0,0.00805505
1.73079e+09,0,0,0.00805505
1.73079e+09,0,0,0.166795
1.73079e+09,0,0,0.166795
1.73079e+09,0,0,0.166795
1.73079e+09,0,0,0.298892
1.73079e+09,0,0,0.298892
1.73079e+09,0,0,0.298892
1.73079e+09,0,0,0.298892
1.73079e+09,0,0,0.241438
1.73079e+09,0,0,0.241438
1.73079e+09,0,0,0.241438
1.73079e+09,0,0,0.520535
1.73079e+09,0,0,0.520535
1.73079e+09,0,0,0.520535
1.73079e+09,0,0,0.129805
1.73079e+09,0,0,0.129805
1.73079e+09,0,0,0.129805
1.73079e+09,0,0,0.182273
1.73079e+09,0,0,0.182273
1.73079e+09,0,0,0.182273
1.73079e+09,0,0,0.182273
1.73079e+09,0,0,0.304069
1.73079e+09,0,0,0.304069
1.73079e+09,0,0,0.304069
1.73079e+09,0,0,0.107608
1.73079e+09,0,0,0.107608
1.73079e+09,0,0,0.107608
1.73079e+09,0,0,0.299848
1.73079e+09,0,0,0.299848
1.73079e+09,0,0,0.299848
1.73079e+09,0,0,0.299848
1.73079e+09,0,0,0.12228
1.73079e+09,0,0,0.12228
1.73079e+09,0,0,0.12228
1.73079e+09,0,0,0.539428
1.73079e+09,0,0,0.539428
1.73079e+09,0,0,0.539428
1.73079e+09,0,0,0.0754177
1.73079e+09,0,0,0.0754177
1.73079e+09,0,0,0.0754177
1.73079e+09,0,0,0.0754177
1.73079e+09,0,0,0.0629964
1.73079e+09,0,0,0.0629964
1.73079e+09,0,0,0.0629964
1.73079e+09,0,0,0.14543
1.73079e+09,0,0,0.14543
1.73079e+09,0,0,0.14543
1.73079e+09,0,0,0.403003
1.73079e+09,0,0,0.403003
1.73079e+09,0,0,0.403003
1.73079e+09,0,0,0.474429
1.73079e+09,0,0,0.474429
1.73079e+09,0,0,0.474429
1.73079e+09,0,0,0.474429
1.73079e+09,0,0,0.28734
1.73079e+09,0,0,0.28734
1.73079e+09,0,0,0.28734
1.73079e+09,0,0,0.304578
1.73079e+09,0,0,0.304578
1.73079e+09,0,0,0.304578
1.73079e+09,0,0,0.0943231
1.73079e+09,0,0,0.0943231
1.73079e+09,0,0,0.0943231
1.73079e+09,0,0,0.0943231
1.73079e+09,0,0,0.000439872
1.73079e+09,0,0,0.000439872
1.73079e+09,0,0,0.000439872
1.73079e+09,0,0,0.0613718
1.73079e+09,0,0,0.0613718
1.73079e+09,0,0,0.0613718
1.73079e+09,0,0,0.400948
1.73079e+09,0,0,0.400948
1.73079e+09,0,0,0.400948
1.73079e+09,0,0,0.400948
1.73079e+09,0,0,0.501362
1.73079e+09,0,0,0.501362
1.73079e+09,0,0,0.501362
1.73079e+09,0,0,0.000750457
1.73079e+09,0,0,0.000750457
1.73079e+09,0,0,0.000750457
1.73079e+09,0,0,0.0529975
1.73079e+09,0,0,0.0529975
1.73079e+09,0,0,0.0529975
1.73079e+09,0,0,0.672912
1.73079e+09,0,0,0.672912
1.73079e+09,0,0,0.672912
1.73079e+09,0,0,0.672912
1.73079e+09,0,0,1.06362
1.73079e+09,0,0,1.06362
1.73079e+09,0,0,1.06362
1.73079e+09,0,0,0.156408
1.73079e+09,0,0,0.156408
1.73079e+09,0,0,0.156408
1.73079e+09,0,0,0.280875
1.73079e+09,0,0,0.280875
1.73079e+09,0,0,0.280875
1.73079e+09,0,0,0.280875
1.73079e+09,0,0,0.224875
1.73079e+09,0,0,0.224875
1.73079e+09,0,0,0.224875
1.73079e+09,0,0,0.276129
1.73079e+09,0,0,0.276129
1.73079e+09,0,0,0.276129
1.73079e+09,0,0,0.23466
1.73079e+09,0,0,0.23466
1.73079e+09,0,0,0.23466
1.73079e+09,0,0,0.23466
1.73079e+09,0,0,0.0554619
1.73079e+09,0,0,0.0554619
1.73079e+09,0,0,0.0554619
1.73079e+09,0,0,0.305029
1.73079e+09,0,0,0.305029
1.73079e+09,0,0,0.305029
1.73079e+09,0,0,0.0154423
1.73079e+09,0,0,0.0154423
1.73079e+09,0,0,0.0154423
1.73079e+09,0,0,0.134832
1.73079e+09,0,0,0.134832
1.73079e+09,0,0,0.134832
1.73079e+09,0,0,0.134832
1.73079e+09,0,0,0.141643
1.73079e+09,0,0,0.141643
1.73079e+09,0,0,0.141643
1.73079e+09,0,0,0.259485
1.73079e+09,0,0,0.259485
1.73079e+09,0,0,0.259485
1.73079e+09,0,0,0.480259
1.73079e+09,0,0,0.480259
1.73079e+09,0,0,0.480259
1.73079e+09,0,0,0.480259
1.73079e+09,0,0,0.28271
1.73079e+09,0,0,0.28271
1.73079e+09,0,0,0.28271
1.73079e+09,0,0,0.368764
1.73079e+09,0,0,0.368764
1.73079e+09,0,0,0.368764
1.73079e+09,0,0,0.142972
1.73079e+09,0,0,0.142972
1.73079e+09,0,0,0.142972
1.73079e+09,0,0,0.142972
1.73079e+09,0,0,0.0951267
1.73079e+09,0,0,0.0951267
1.73079e+09,0,0,0.0951267
1.73079e+09,0,0,0.084771
1.73079e+09,0,0,0.084771
1.73079e+09,0,0,0.084771
1.73079e+09,0,0,0.280876
1.73079e+09,0,0,0.280876
1.73079e+09,0,0,0.280876
1.73079e+09,0,0,0.315334
1.73079e+09,0,0,0.315334
1.73079e+09,0,0,0.315334
1.73079e+09,0,0,0.315334
1.73079e+09,0,0,0.112481
1.73079e+09,0,0,0.112481
1.73079e+09,0,0,0.112481
1.73079e+09,0,0,0.00187688
1.73079e+09,0,0,0.00187688
1.73079e+09,0,0,0.00187688
1.73079e+09,0,0,0.12532
1.73079e+09,0,0,0.12532
1.73079e+09,0,0,0.12532
1.73079e+09,0,0,0.12532
1.73079e+09,0,0,0.192401
1.73079e+09,0,0,0.192401
1.73079e+09,0,0,0.192401
1.73079e+09,0,0,0.246301
1.73079e+09,0,0,0.246301
1.73079e+09,0,0,0.246301
1.73079e+09,0,0,0.0214362
1.73079e+09,0,0,0.0214362
1.73079e+09,0,0,0.0214362
1.73079e+09,0,0,0.0214362
1.73079e+09,0,0,0.434485
1.73079e+09,0,0,0.434485
1.73079e+09,0,0,0.434485
1.73079e+09,0,0,0.154827
1.73079e+09,0,0,0.154827
1.73079e+09,0,0,0.154827
1.73079e+09,0,0,0.120444
1.73079e+09,0,0,0.120444
1.73079e+09,0,0,0.120444
1.73079e+09,0,0,0.369273
1.73079e+09,0,0,0.369273
1.73079e+09,0,0,0.369273
1.73079e+09,0,0,0.369273
1.73079e+09,0,0,0.111798
1.73079e+09,0,0,0.111798
1.73079e+09,0,0,0.111798
1.73079e+09,0,0,0.754825
1.73079e+09,0,0,0.754825
1.73079e+09,0,0,0.754825
1.73079e+09,0,0,0.215577
1.73079e+09,0,0,0.215577
1.73079e+09,0,0,0.215577
1.73079e+09,0,0,0.215577
1.73079e+09,0,0,0.165902
1.73079e+09,0,0,0.165902
1.73079e+09,0,0,0.165902
1.73079e+09,0,0,0.00425058
1.73079e+09,0,0,0.00425058
1.73079e+09,0,0,0.00425058
1.73079e+09,0,0,0.282339
1.73079e+09,0,0,0.282339
1.73079e+09,0,0,0.282339
1.73079e+09,0,0,0.282339
1.73079e+09,0,0,0.233715
1.73079e+09,0,0,0.233715
1.73079e+09,0,0,0.233715
1.73079e+09,0,0,0.512599
1.73079e+09,0,0,0.512599
1.73079e+09,0,0,0.512599
1.73079e+09,0,0,0.397321
1.73079e+09,0,0,0.397321
1.73079e+09,0,0,0.397321
1.73079e+09,0,0,0.230486
1.73079e+09,0,0,0.230486
1.73079e+09,0,0,0.230486
1.73079e+09,0,0,0.230486
1.73079e+09,0,0,0.0840096
1.73079e+09,0,0,0.0840096
1.73079e+09,0,0,0.0840096
1.73079e+09,0,0,0.518815
1.73079e+09,0,0,0.518815
1.73079e+09,0,0,0.518815
1.73079e+09,0,0,0.1128
1.73079e+09,0,0,0.1128
1.73079e+09,0,0,0.1128
1.73079e+09,0,0,0.1128
1.73079e+09,0,0,0.0619268
1.73079e+09,0,0,0.0619268
1.73079e+09,0,0,0.0619268
1.73079e+09,0,0,0.00362382
1.73079e+09,0,0,0.00362382
1.73079e+09,0,0,0.00362382
1.73079e+09,0,0,0.175502
1.73079e+09,0,0,0.175502
1.73079e+09,0,0,0.175502
1.73079e+09,0,0,0.175502
1.73079e+09,0,0,0.184215
1.73079e+09,0,0,0.184215
1.73079e+09,0,0,0.184215
1.73079e+09,0,0,0.427963
1.73079e+09,0,0,0.427963
1.73079e+09,0,0,0.427963
1.73079e+09,0,0,0.480431
1.73079e+09,0,0,0.480431
1.73079e+09,0,0,0.480431
1.73079e+09,0,0,0.0283259
1.73079e+09,0,0,0.0283259
1.73079e+09,0,0,0.0283259
1.73079e+09,0,0,0.0283259
1.73079e+09,0,0,0.120171
1.73079e+09,0,0,0.120171
1.73079e+09,0,0,0.120171
1.73079e+09,0,0,0.164516
1.73079e+09,0,0,0.164516
1.73079e+09,0,0,0.164516
1.73079e+09,0,0,0.250147
1.73079e+09,0,0,0.250147
1.73079e+09,0,0,0.250147
1.73079e+09,0,0,0.250147
1.73079e+09,0,0,0.194127
1.73079e+09,0,0,0.194127
1.73079e+09,0,0,0.194127
1.73079e+09,0,0,0.170116
1.73079e+09,0,0,0.170116
1.73079e+09,0,0,0.170116
1.73079e+09,0,0,0.236394
1.73079e+09,0,0,0.236394
1.73079e+09,0,0,0.236394
1.73079e+09,0,0,0.236394
1.73079e+09,0,0,0.0756072
1.73079e+09,0,0,0.0756072
1.73079e+09,0,0,0.0756072
1.73079e+09,0,0,0.230545
1.73079e+09,0,0,0.230545
1.73079e+09,0,0,0.230545
1.73079e+09,0,0,0.0879256
1.73079e+09,0,0,0.0879256
1.73079e+09,0,0,0.0879256
1.73079e+09,0,0,0.3598
1.73079e+09,0,0,0.3598
1.73079e+09,0,0,0.3598
1.73079e+09,0,0,0.3598
1.73079e+09,0,0,0.544019
1.73079e+09,0,0,0.544019
1.73079e+09,0,0,0.544019
1.73079e+09,0,0,0.109644
1.73079e+09,0,0,0.109644
1.73079e+09,0,0,0.109644
1.73079e+09,0,0,0.0798163
1.73079e+09,0,0,0.0798163
1.73079e+09,0,0,0.0798163
1.73079e+09,0,0,0.0798163
1.73079e+09,0,0,0.448201
1.73079e+09,0,0,0.448201
1.73079e+09,0,0,0.448201
1.73079e+09,0,0,0.468386
1.73079e+09,0,0,0.468386
1.73079e+09,0,0,0.468386
1.73079e+09,0,0,0.252361
1.73079e+09,0,0,0.252361
1.73079e+09,0,0,0.252361
1.73079e+09,0,0,0.252361
1.73079e+09,0,0,0.607643
1.73079e+09,0,0,0.607643
1.73079e+09,0,0,0.607643
1.73079e+09,0,0,0.106389
1.73079e+09,0,0,0.106389
1.73079e+09,0,0,0.106389
1.73079e+09,0,0,0.0783513
1.73079e+09,0,0,0.0783513
1.73079e+09,0,0,0.0783513
1.73079e+09,0,0,0.193341
1.73079e+09,0,0,0.193341
1.73079e+09,0,0,0.193341
1.73079e+09,0,0,0.193341
1.73079e+09,0,0,0.583932
1.73079e+09,0,0,0.583932
1.73079e+09,0,0,0.583932
1.73079e+09,0,0,0.310435
1.73079e+09,0,0,0.310435
1.73079e+09,0,0,0.310435
1.73079e+09,0,0,0.00633043
1.73079e+09,0,0,0.00633043
1.73079e+09,0,0,0.00633043
1.73079e+09,0,0,0.00633043
1.73079e+09,0,0,0.444536
1.73079e+09,0,0,0.444536
1.73079e+09,0,0,0.444536
1.73079e+09,0,0,0.324546
1.73079e+09,0,0,0.324546
1.73079e+09,0,0,0.324546
1.73079e+09,0,0,0.154289
1.73079e+09,0,0,0.154289
1.73079e+09,0,0,0.154289
1.73079e+09,0,0,0.154289
1.73079e+09,0,0,0.359682
1.73079e+09,0,0,0.359682
1.73079e+09,0,0,0.359682
1.73079e+09,0,0,0.401655
1.73079e+09,0,0,0.401655
1.73079e+09,0,0,0.401655
1.73079e+09,0,0,0.165158
1.73079e+09,0,0,0.165158
1.73079e+09,0,0,0.165158
1.73079e+09,0,0,0.539335
1.73079e+09,0,0,0.539335
1.73079e+09,0,0,0.539335
1.73079e+09,0,0,0.539335
1.73079e+09,0,0,0.298286
1.73079e+09,0,0,0.298286
1.73079e+09,0,0,0.298286
1.73079e+09,0,0,0.234245
1.73079e+09,0,0,0.234245
1.73079e+09,0,0,0.234245
1.73079e+09,0,0,0.217251
1.73079e+09,0,0,0.217251
1.73079e+09,0,0,0.217251
1.73079e+09,0,0,0.217251
1.73079e+09,0,0,0.0956138
1.73079e+09,0,0,0.0956138
1.73079e+09,0,0,0.0956138
1.73079e+09,0,0,0.335136
1.73079e+09,0,0,0.335136
1.73079e+09,0,0,0.335136
1.73079e+09,0,0,0.326567
1.73079e+09,0,0,0.326567
1.73079e+09,0,0,0.326567
1.73079e+09,0,0,0.326567
1.73079e+09,0,0,0.217907
1.73079e+09,0,0,0.217907
1.73079e+09,0,0,0.217907
1.73079e+09,0,0,0.0727318
1.73079e+09,0,0,0.0727318
1.73079e+09,0,0,0.0727318
1.73079e+09,0,0,0.53325
1.73079e+09,0,0,0.53325
1.73079e+09,0,0,0.53325
1.73079e+09,0,0,0.02905
1.73079e+09,0,0,0.02905
1.73079e+09,0,0,0.02905
1.73079e+09,0,0,0.02905
1.73079e+09,0,0,0.035614
1.73079e+09,0,0,0.035614
1.73079e+09,0,0,0.035614
1.73079e+09,0,0,0.16573
1.73079e+09,0,0,0.16573
1.73079e+09,0,0,0.16573
1.73079e+09,0,0,0.137423
1.73079e+09,0,0,0.137423
1.73079e+09,0,0,0.137423
1.73079e+09,0,0,0.137423
1.73079e+09,0,0,0.417686
1.73079e+09,0,0,0.417686
1.73079e+09,0,0,0.417686
1.73079e+09,0,0,0.127472
1.73079e+09,0,0,0.127472
1.73079e+09,0,0,0.127472
1.73079e+09,0,0,0.205861
1.73079e+09,0,0,0.205861
1.73079e+09,0,0,0.205861
1.73079e+09,0,0,0.205861
1.73079e+09,0,0,0.258353
1.73079e+09,0,0,0.258353
1.73079e+09,0,0,0.258353
1.73079e+09,0,0,0.191787
1.73079e+09,0,0,0.191787
1.73079e+09,0,0,0.191787
1.73079e+09,0,0,0.230272
1.73079e+09,0,0,0.230272
1.73079e+09,0,0,0.230272
1.73079e+09,0,0,0.0789997
1.73079e+09,0,0,0.0789997
1.73079e+09,0,0,0.0789997
1.73079e+09,0,0,0.0789997
1.73079e+09,0,0,0.0362872
1.73079e+09,0,0,0.0362872
1.73079e+09,0,0,0.0362872
1.73079e+09,0,0,0.153464
1.73079e+09,0,0,0.153464
1.73079e+09,0,0,0.153464
1.73079e+09,0,0,0.0064854
1.73079e+09,0,0,0.0064854
1.73079e+09,0,0,0.0064854
1.73079e+09,0,0,0.0064854
1.73079e+09,0,0,0.147375
1.73079e+09,0,0,0.147375
1.73079e+09,0,0,0.147375
1.73079e+09,0,0,0.7283
1.73079e+09,0,0,0.7283
1.73079e+09,0,0,0.7283
1.73079e+09,0,0,0.518902
1.73079e+09,0,0,0.518902
1.73079e+09,0,0,0.518902
1.73079e+09,0,0,0.518902
1.73079e+09,0,0,0.018383
1.73079e+09,0,0,0.018383
1.73079e+09,0,0,0.018383
1.73079e+09,0,0,0.0673032
1.73079e+09,0,0,0.0673032
1.73079e+09,0,0,0.0673032
1.73079e+09,0,0,0.0065195
1.73079e+09,0,0,0.0065195
1.73079e+09,0,0,0.0065195
1.73079e+09,0,0,0.20929
1.73079e+09,0,0,0.20929
1.73079e+09,0,0,0.20929
1.73079e+09,0,0,0.20929
1.73079e+09,0,0,0.124011
1.73079e+09,0,0,0.124011
1.73079e+09,0,0,0.124011
1.73079e+09,0,0,0.23178
1.73079e+09,0,0,0.23178
1.73079e+09,0,0,0.23178
1.73079e+09,0,0,0.0733765
1.73079e+09,0,0,0.0733765
1.73079e+09,0,0,0.0733765
1.73079e+09,0,0,0.0733765
1.73079e+09,0,0,0.663815
1.73079e+09,0,0,0.663815
1.73079e+09,0,0,0.663815
1.73079e+09,0,0,0.317585
1.73079e+09,0,0,0.317585
1.73079e+09,0,0,0.317585
1.73079e+09,0,0,0.482848
1.73079e+09,0,0,0.482848
1.73079e+09,0,0,0.482848
1.73079e+09,0,0,0.482848
1.73079e+09,0,0,0.208806
1.73079e+09,0,0,0.208806
1.73079e+09,0,0,0.208806
1.73079e+09,0,0,0.00259854
1.73079e+09,0,0,0.00259854
1.73079e+09,0,0,0.00259854
1.73079e+09,0,0,0.52566
1.73079e+09,0,0,0.52566
1.73079e+09,0,0,0.52566
1.73079e+09,0,0,0.547377
1.73079e+09,0,0,0.547377
1.73079e+09,0,0,0.547377
1.73079e+09,0,0,0.547377
1.73079e+09,0,0,0.46765
1.73079e+09,0,0,0.46765
1.73079e+09,0,0,0.46765
1.73079e+09,0,0,0.0275119
1.73079e+09,0,0,0.0275119
1.73079e+09,0,0,0.0275119
1.73079e+09,0,0,0.349716
1.73079e+09,0,0,0.349716
1.73079e+09,0,0,0.349716
1.73079e+09,0,0,0.349716
1.73079e+09,0,0,0.159533
1.73079e+09,0,0,0.159533
1.73079e+09,0,0,0.159533
1.73079e+09,0,0,0.338913
1.73079e+09,0,0,0.338913
1.73079e+09,0,0,0.338913
1.73079e+09,0,0,0.454155
1.73079e+09,0,0,0.454155
1.73079e+09,0,0,0.454155
1.73079e+09,0,0,0.454155
1.73079e+09,0,0,0.320879
1.73079e+09,0,0,0.320879
1.73079e+09,0,0,0.320879
1.73079e+09,0,0,0.534826
1.73079e+09,0,0,0.534826
1.73079e+09,0,0,0.534826
1.73079e+09,0,0,0.178893
1.73079e+09,0,0,0.178893
1.73079e+09,0,0,0.178893
1.73079e+09,0,0,0.0494453
1.73079e+09,0,0,0.0494453
1.73079e+09,0,0,0.0494453
1.73079e+09,0,0,0.0494453
1.73079e+09,0,0,0.155213
1.73079e+09,0,0,0.155213
1.73079e+09,0,0,0.155213
1.73079e+09,0,0,0.0919719
1.73079e+09,0,0,0.0919719
1.73079e+09,0,0,0.0919719
1.73079e+09,0,0,0.0540888
1.73079e+09,0,0,0.0540888
1.73079e+09,0,0,0.0540888
1.73079e+09,0,0,0.0540888
1.73079e+09,0,0,0.107139
1.73079e+09,0,0,0.107139
1.73079e+09,0,0,0.107139
1.73079e+09,0,0,0.23084
1.73079e+09,0,0,0.23084
1.73079e+09,0,0,0.23084
1.73079e+09,0,0,0.0509372
1.73079e+09,0,0,0.0509372
1.73079e+09,0,0,0.0509372
1.73079e+09,0,0,0.0509372
1.73079e+09,0,0,0.0226576
1.73079e+09,0,0,0.0226576
1.73079e+09,0,0,0.0226576
1.73079e+09,0,0,0.000678942
1.73079e+09,0,0,0.000678942
1.73079e+09,0,0,0.000678942
1.73079e+09,0,0,0.111122
1.73079e+09,0,0,0.111122
1.73079e+09,0,0,0.111122
1.73079e+09,0,0,0.0417186
1.73079e+09,0,0,0.0417186
1.73079e+09,0,0,0.0417186
1.73079e+09,0,0,0.0417186
1.73079e+09,0,0,0.699903
1.73079e+09,0,0,0.699903
1.73079e+09,0,0,0.699903
1.73079e+09,0,0,0.082129
1.73079e+09,0,0,0.082129
1.73079e+09,0,0,0.082129
1.73079e+09,0,0,0.0119798
1.73079e+09,0,0,0.0119798
1.73079e+09,0,0,0.0119798
1.73079e+09,0,0,0.0119798
1.73079e+09,0,0,1.02975
1.73079e+09,0,0,1.02975
1.73079e+09,0,0,1.02975
1.73079e+09,0,0,0.343986
1.73079e+09,0,0,0.343986
1.73079e+09,0,0,0.343986
1.73079e+09,0,0,0.108216
1.73079e+09,0,0,0.108216
1.73079e+09,0,0,0.108216
1.73079e+09,0,0,0.108216
1.73079e+09,0,0,0.0339193
1.73079e+09,0,0,0.0339193
1.73079e+09,0,0,0.0339193
1.73079e+09,0,0,0.118777
1.73079e+09,0,0,0.118777
1.73079e+09,0,0,0.118777
1.73079e+09,0,0,0.249903
1.73079e+09,0,0,0.249903
1.73079e+09,0,0,0.249903
1.73079e+09,0,0,0.450439
1.73079e+09,0,0,0.450439
1.73079e+09,0,0,0.450439
1.73079e+09,0,0,0.450439
1.73079e+09,0,0,0.612516
1.73079e+09,0,0,0.612516
1.73079e+09,0,0,0.612516
1.73079e+09,0,0,0.0337404
1.73079e+09,0,0,0.0337404
1.73079e+09,0,0,0.0337404
1.73079e+09,0,0,0.0778377
1.73079e+09,0,0,0.0778377
1.73079e+09,0,0,0.0778377
1.73079e+09,0,0,0.0778377
1.73079e+09,0,0,0.00557801
1.73079e+09,0,0,0.00557801
1.73079e+09,0,0,0.00557801
1.73079e+09,0,0,0.301682
1.73079e+09,0,0,0.301682
1.73079e+09,0,0,0.301682
1.73079e+09,0,0,0.489208
1.73079e+09,0,0,0.489208
1.73079e+09,0,0,0.489208
1.73079e+09,0,0,0.489208
1.73079e+09,0,0,0.194527
1.73079e+09,0,0,0.194527
1.73079e+09,0,0,0.194527
1.73079e+09,0,0,0.151471
1.73079e+09,0,0,0.151471
1.73079e+09,0,0,0.151471
1.73079e+09,0,0,0.260841
1.73079e+09,0,0,0.260841
1.73079e+09,0,0,0.260841
1.73079e+09,0,0,0.273581
1.73079e+09,0,0,0.273581
1.73079e+09,0,0,0.273581
1.73079e+09,0,0,0.273581
1.73079e+09,0,0,0.464614
1.73079e+09,0,0,0.464614
1.73079e+09,0,0,0.464614
1.73079e+09,0,0,0.255941
1.73079e+09,0,0,0.255941
1.73079e+09,0,0,0.255941
1.73079e+09,0,0,0.0874141
1.73079e+09,0,0,0.0874141
1.73079e+09,0,0,0.0874141
1.73079e+09,0,0,0.0874141
1.73079e+09,0,0,0.0226965
1.73079e+09,0,0,0.0226965
1.73079e+09,0,0,0.0226965
1.73079e+09,0,0,0.0672273
1.73079e+09,0,0,0.0672273
1.73079e+09,0,0,0.0672273
1.73079e+09,0,0,0.1972
1.73079e+09,0,0,0.1972
1.73079e+09,0,0,0.1972
1.73079e+09,0,0,0.1972
1.73079e+09,0,0,0.0403132
1.73079e+09,0,0,0.0403132
1.73079e+09,0,0,0.0403132
1.73079e+09,0,0,0.33244
1.73079e+09,0,0,0.33244
1.73079e+09,0,0,0.33244
1.73079e+09,0,0,0.109341
1.73079e+09,0,0,0.109341
1.73079e+09,0,0,0.109341
1.73079e+09,0,0,0.060197
1.73079e+09,0,0,0.060197
1.73079e+09,0,0,0.060197
1.73079e+09,0,0,0.060197
1.73079e+09,0,0,0.145208
1.73079e+09,0,0,0.145208
1.73079e+09,0,0,0.145208
1.73079e+09,0,0,0.256465
1.73079e+09,0,0,0.256465
1.73079e+09,0,0,0.256465
1.73079e+09,0,0,0.396949
1.73079e+09,0,0,0.396949
1.73079e+09,0,0,0.396949
1.73079e+09,0,0,0.396949
1.73079e+09,0,0,0.24623
1.73079e+09,0,0,0.24623
1.73079e+09,0,0,0.24623
1.73079e+09,0,0,0.135279
1.73079e+09,0,0,0.135279
1.73079e+09,0,0,0.135279
1.73079e+09,0,0,0.191922
1.73079e+09,0,0,0.191922
1.73079e+09,0,0,0.191922
1.73079e+09,0,0,0.191922
1.73079e+09,0,0,0.744034
1.73079e+09,0,0,0.744034
1.73079e+09,0,0,0.744034
1.73079e+09,0,0,0.30136
1.73079e+09,0,0,0.30136
1.73079e+09,0,0,0.30136
1.73079e+09,0,0,0.125255
1.73079e+09,0,0,0.125255
1.73079e+09,0,0,0.125255
1.73079e+09,0,0,0.20373
1.73079e+09,0,0,0.20373
1.73079e+09,0,0,0.20373
1.73079e+09,0,0,0.20373
1.73079e+09,0,0,0.415285
1.73079e+09,0,0,0.415285
1.73079e+09,0,0,0.415285
1.73079e+09,0,0,0.127356
1.73079e+09,0,0,0.127356
